题名,作者,来源,发表时间,文献类型,被引,下载,详情链接,下载链接,HTML链接,AI阅读链接,项目标签
图书馆短视频传播及互动效果影响因素模型及实证分析——基于“上瘾模型”的探索,高晓晶;喻梦倩;杨家燕;张毓晗,图书情报工作,2021-05-20,期刊,213,7270,https://kns.cnki.net/kcms2/article/abstract?v=lcJiu7QxtGPGcaNY1rO4am1OxtU2lWopHZ2BKlqJKe78oH1zkUshJvJyqK3bUBL2LOk4O8qIcsseMcPm0NfkDJ4IoNhtLLyXZSDut9L0eaUwi-2MFu5iJeBrWZUsgZtby9lnRwouK6WBm_X-_E1akDFnr69u4MeggXqHNb7PSJr_JxRC7CQuMg==&uniplatform=NZKPT&language=CHS,https://bar.cnki.net/bar/download/order?id=Pmp%2F5es3RB81cmauPwpbvsPMJcfwHgIZAnUyOJG6KdoabmU4NncMetQGnHwQAYvkip2zwjREGwNcaXHU%2F5IRcXnRdCaeUT3ue3NPZluT8Ph7b5mY%2FmsIpB5E%2FKF94iQVtRGRF3wJSTnwmOEEZ8vwAlK57xT%2B8LhM%2BfEqYWvBGm0igmLMld3nSvbU4a5%2BOkNaUlSU0HSLnl9m7MwOtW%2FIk%2Bnc5tnCX6XaiTZEeRsFGV1xluINF6fMO20iEpFsF%2FxvLGz%2Bz36TeLCyBRZ5MVuwHifB6QxOYUyIR8PMoF5%2F7cs%3D&language=CHS,https://bar.cnki.net/bar/download/order?id=Pmp%2F5es3RB81cmauPwpbvsPMJcfwHgIZAnUyOJG6KdoabmU4NncMetQGnHwQAYvkip2zwjREGwNcaXHU%2F5IRcRqRQQWHFsFlZSa4JPDoyUCL6pUY4deTV2VvozAOFIpRZPJZEQefXW1RVS3a1v8jK%2F1BfoaD1y1Qo7XRFd7QjHpuNlDuxMvlZu263io%2FYiDKaul1dsBYtTi0d7iCbJHlGSDB60LC2VIZrjx7VSGH6SmePRUwEkXIy4guYtxdLJq%2FR4MXWMVKZ0AuDIoSVAxlFqCIPOZZU1gs%2B4tMAbrwuo93KAUBlVIsgcb0E8u%2FYkCK&language=CHS,https://ai.cnki.net/study?cid=Pe2nFq1PBOM11SpCErZ-LwM1UHjV0uMR_icN4IXwgiecAKpOFogNWlYApDrbdtLwzIbmF4IBHlcZG8GfgJt5FRcJFnCXWEvXwdDhbxhTw8J3KAUBlVIsgcb0E8u_YkCK&mimetype=XML&language=CHS,library_short_video
抖音阅读推广短视频传播效果影响因素研究,杨达森;李诗轩;丛颖男,图书馆学研究,2021-12-15,期刊,204,8333,https://kns.cnki.net/kcms2/article/abstract?v=lcJiu7QxtGMZGXSDE87oyGJbUF0VjFN9iJoms81kB8rLC3mX2yZacsJBMO7DyVF_cl4WGUmyUIBXxIxjMtFvz0ZOI-JUBRxzEnO6LJFmp1-1Yt8pgPi2Q7s3CrOTGABzkND249Ow3wTiMWIP8p7F8w8z-Q6zayOPrAMBYcWiM0WR68SUf3XCcg==&uniplatform=NZKPT&language=CHS,https://bar.cnki.net/bar/download/order?id=Pmp%2F5es3RB81cmauPwpbvsPMJcfwHgIZAnUyOJG6Kdq%2F0vXAQuV35Z0QgBQiDxeFiwzCDUAUWfSiAQnJ6KRHvaw5ZHq8tx5wvk3fGHNNFjt7b5mY%2FmsIpB5E%2FKF94iQVtRGRF3wJSTnwmOEEZ8vwAlK57xT%2B8LhM%2BfEqYWvBGm0igmLMld3nSvbU4a5%2BOkNaUlSU0HSLnl9m7MwOtW%2FIkzkuYtIeD2gtfQ1cz6R4IXRxluINF6fMO20iEpFsF%2FxvLGz%2Bz36TeLCyBRZ5MVuwHifB6QxOYUyIR8PMoF5%2F7cs%3D&language=CHS,https://bar.cnki.net/bar/download/order?id=Pmp%2F5es3RB81cmauPwpbvsPMJcfwHgIZAnUyOJG6Kdq%2F0vXAQuV35Z0QgBQiDxeFiwzCDUAUWfSiAQnJ6KRHvdSKmMdsmmqyy5EvZaurdy2L6pUY4deTV2VvozAOFIpRZPJZEQefXW1RVS3a1v8jK%2F1BfoaD1y1Qo7XRFd7QjHpuNlDuxMvlZu263io%2FYiDKaul1dsBYtTi0d7iCbJHlGSDB60LC2VIZrjx7VSGH6SnTREL%2BA%2FyJwEZyi2g84QvIR4MXWMVKZ0AuDIoSVAxlFqCIPOZZU1gs%2B4tMAbrwuo93KAUBlVIsgcb0E8u%2FYkCK&language=CHS,https://ai.cnki.net/study?cid=Pe2nFq1PBOM11SpCErZ-LwM1UHjV0uMR_icN4IXwgid-LVp71txD3DkjPmE-l2Cigk4VPsdzrDNQ13x7Xyv_ORvU-zPPyvLbKFuSpmggmKp3KAUBlVIsgcb0E8u_YkCK&mimetype=XML&language=CHS,library_short_video
大学生手机短视频过度使用行为影响因素研究,王建亚;张雅洁;程慧平,图书馆学研究,2020-07-15,期刊,167,13278,https://kns.cnki.net/kcms2/article/abstract?v=lcJiu7QxtGPHEoCHzK7GMC2VPncCMlEvSAuGmFGyijw0L2D4QVUu5j5cKOTDn4zNoWSfsRu1964sgK_4LmbeRPeG-NcuvirZKpXMa_9JYw2ttXhTFsjIwz-SuswJdVkNWiyChVm07PtIteFFX7l5ZA8pvgcToyJBMkAUJ7cWRUlonS2QzZO7sg==&uniplatform=NZKPT&language=CHS,https://bar.cnki.net/bar/download/order?id=Pmp%2F5es3RB81cmauPwpbvsPMJcfwHgIZAnUyOJG6Kdp9xMFmkePYI07tBv7fXudTiwzCDUAUWfSiAQnJ6KRHvYUvJriV1VjiDZiBWkmsSqV7b5mY%2FmsIpB5E%2FKF94iQVtRGRF3wJSTnwmOEEZ8vwAlK57xT%2B8LhM%2BfEqYWvBGm0igmLMld3nSvbU4a5%2BOkNaUlSU0HSLnl9m7MwOtW%2FIk4BeY7ZFSOjd8zu5uS8ZohZxluINF6fMO20iEpFsF%2FxvLGz%2Bz36TeLCyBRZ5MVuwHifB6QxOYUyIR8PMoF5%2F7cs%3D&language=CHS,https://bar.cnki.net/bar/download/order?id=Pmp%2F5es3RB81cmauPwpbvsPMJcfwHgIZAnUyOJG6Kdp9xMFmkePYI07tBv7fXudTiwzCDUAUWfSiAQnJ6KRHvUx1Y%2FcSYOvS%2F5xG9KQKaR%2BL6pUY4deTV2VvozAOFIpRZPJZEQefXW1RVS3a1v8jK%2F1BfoaD1y1Qo7XRFd7QjHpuNlDuxMvlZu263io%2FYiDKaul1dsBYtTi0d7iCbJHlGSDB60LC2VIZrjx7VSGH6SmOSPNnbndV3LMYmTFqdzguR4MXWMVKZ0AuDIoSVAxlFqCIPOZZU1gs%2B4tMAbrwuo93KAUBlVIsgcb0E8u%2FYkCK&language=CHS,https://ai.cnki.net/study?cid=Pe2nFq1PBOM11SpCErZ-LwM1UHjV0uMR_icN4IXwgid-LVp71txD3DkjPmE-l2Ci8P3ACwbZAp2OafLPxT2pjX-s4n4jlL7XQKLOuexh_op3KAUBlVIsgcb0E8u_YkCK&mimetype=XML&language=CHS,library_short_video
短视频APP在图书馆推广中的应用及发展策略——基于平台数据的统计分析,张文亮;刘培旺,图书馆学研究,2019-07-25,期刊,130,2989,https://kns.cnki.net/kcms2/article/abstract?v=lcJiu7QxtGPHEoCHzK7GMC2VPncCMlEvSAuGmFGyijw0L2D4QVUu5s0qiWbFGICx-bWWO3KoSncMGAVHE1ZoU60vD_bG6-Bk56Qm0NWt4C6Y9C4Ecih9h586du9Wu1VGRhbxJIg9URq3lw_EBc5MfJCsnYFcE7htVGInkeKtA2dy6C7pn7_QdQ==&uniplatform=NZKPT&language=CHS,https://bar.cnki.net/bar/download/order?id=Pmp%2F5es3RB81cmauPwpbvsPMJcfwHgIZAnUyOJG6KdpcFthR2AfRFJJL4BBrDlb9iwzCDUAUWfSiAQnJ6KRHvXTEWKpWVzpQ4vwhLltb6xV7b5mY%2FmsIpB5E%2FKF94iQVtRGRF3wJSTnwmOEEZ8vwAlK57xT%2B8LhM%2BfEqYWvBGm0igmLMld3nSvbU4a5%2BOkNaUlSU0HSLnl9m7MwOtW%2FIk4BeY7ZFSOjd8zu5uS8ZohZxluINF6fMO20iEpFsF%2FxvLGz%2Bz36TeLCyBRZ5MVuwHifB6QxOYUyIR8PMoF5%2F7cs%3D&language=CHS,https://bar.cnki.net/bar/download/order?id=Pmp%2F5es3RB81cmauPwpbvsPMJcfwHgIZAnUyOJG6KdpcFthR2AfRFJJL4BBrDlb9iwzCDUAUWfSiAQnJ6KRHvQhq7%2FNvFj6ewniCrV1Wb3CL6pUY4deTV2VvozAOFIpRZPJZEQefXW1RVS3a1v8jK%2F1BfoaD1y1Qo7XRFd7QjHpuNlDuxMvlZu263io%2FYiDKaul1dsBYtTi0d7iCbJHlGSDB60LC2VIZrjx7VSGH6SmOSPNnbndV3LMYmTFqdzguR4MXWMVKZ0AuDIoSVAxlFqCIPOZZU1gs%2B4tMAbrwuo93KAUBlVIsgcb0E8u%2FYkCK&language=CHS,https://ai.cnki.net/study?cid=Pe2nFq1PBOM11SpCErZ-LwM1UHjV0uMR_icN4IXwgid-LVp71txD3DkjPmE-l2Ciw2ToPIfCNcXxIKbiRdmsEqLqpt-UE7qLGJpZtSTKj2x3KAUBlVIsgcb0E8u_YkCK&mimetype=XML&language=CHS,library_short_video
图书馆短视频发展现状、问题与对策分析——以抖音平台为例,王海燕,图书馆工作与研究,2020-05-15,期刊,121,3266,https://kns.cnki.net/kcms2/article/abstract?v=lcJiu7QxtGM4FwzRhVvr7LZ_wTQhIY9IiVvH7HQ-991GloIeZu5olWnAt33G-355y28zZNH9uUSFMNatKf5JzFPm3wQJOidGK8h1KvIP0K32cu6X9TuwX4o9ZiisxT7HuC1_XwnX3UqSKhDKT3JP_cIUXgWiiex_ISOYiyGEQtC-6ceYV4tzKw==&uniplatform=NZKPT&language=CHS,https://bar.cnki.net/bar/download/order?id=Pmp%2F5es3RB81cmauPwpbvsPMJcfwHgIZAnUyOJG6Kdp9xMFmkePYI07tBv7fXudTjA5OuUizMW7weIJOk0QB0Hk8gIyqI212P32Nzwn4Gxt7b5mY%2FmsIpB5E%2FKF94iQVtRGRF3wJSTnwmOEEZ8vwAlK57xT%2B8LhM%2BfEqYWvBGm0igmLMld3nSvbU4a5%2BOkNaUlSU0HSLnl9m7MwOtW%2FIk86j%2FusrdyqrfybyKMKh3kFxluINF6fMO20iEpFsF%2FxvLGz%2Bz36TeLCyBRZ5MVuwHifB6QxOYUyIR8PMoF5%2F7cs%3D&language=CHS,https://bar.cnki.net/bar/download/order?id=Pmp%2F5es3RB81cmauPwpbvsPMJcfwHgIZAnUyOJG6Kdp9xMFmkePYI07tBv7fXudTjA5OuUizMW7weIJOk0QB0EMUjRtNOwkdYbogsmlCoV%2BL6pUY4deTV2VvozAOFIpRZPJZEQefXW1RVS3a1v8jK%2F1BfoaD1y1Qo7XRFd7QjHpuNlDuxMvlZu263io%2FYiDKaul1dsBYtTi0d7iCbJHlGSDB60LC2VIZrjx7VSGH6SlSutAlZXAaiLdZ9Dmx4wjyR4MXWMVKZ0AuDIoSVAxlFqCIPOZZU1gs%2B4tMAbrwuo93KAUBlVIsgcb0E8u%2FYkCK&language=CHS,https://ai.cnki.net/study?cid=Pe2nFq1PBOM11SpCErZ-LwM1UHjV0uMR_icN4IXwgid4Rm6ySNCvCh6A3FF75KCv5s-SpXlA5aiXRmbBtdy0YH-s4n4jlL7XQKLOuexh_op3KAUBlVIsgcb0E8u_YkCK&mimetype=XML&language=CHS,library_short_video
图书馆热门短视频内容规律探究——基于抖音平台的实证研究,沈丽红,图书馆,2020-12-25 11:58,期刊,119,3381,https://kns.cnki.net/kcms2/article/abstract?v=lcJiu7QxtGM4FwzRhVvr7LZ_wTQhIY9IiVvH7HQ-991GloIeZu5olQA4nZPTDWuM8aM-nKZ4ftlbm6qn7rDSURF5uyJq7io_vPHsPWInZ9GoIkJsjw5otMQJth8SDvmwsh2YOwKMR3KrBH9czTh9wkliodbP5zYED2bOwWYCRM85X7xIOBcAQw==&uniplatform=NZKPT&language=CHS,https://bar.cnki.net/bar/download/order?id=Pmp%2F5es3RB81cmauPwpbvsPMJcfwHgIZAnUyOJG6KdoabmU4NncMetQGnHwQAYvki53oDHVhL3rBjJdra9zHZcY%2FoMVIqiIb%2B0oKoGhCxSJ7b5mY%2FmsIpB5E%2FKF94iQVtRGRF3wJSTnwmOEEZ8vwAlK57xT%2B8LhM%2BfEqYWvBGm0igmLMld3nSvbU4a5%2BOkNaUlSU0HSLnl9m7MwOtW%2FIk86j%2FusrdyqrfybyKMKh3kFxluINF6fMO20iEpFsF%2FxvLGz%2Bz36TeLCyBRZ5MVuwHifB6QxOYUyIR8PMoF5%2F7cs%3D&language=CHS,https://bar.cnki.net/bar/download/order?id=Pmp%2F5es3RB81cmauPwpbvsPMJcfwHgIZAnUyOJG6KdoabmU4NncMetQGnHwQAYvki53oDHVhL3rBjJdra9zHZVoXCEtZ7diZVcXdpNMWS7SL6pUY4deTV2VvozAOFIpRZPJZEQefXW1RVS3a1v8jK%2F1BfoaD1y1Qo7XRFd7QjHpuNlDuxMvlZu263io%2FYiDKaul1dsBYtTi0d7iCbJHlGSDB60LC2VIZrjx7VSGH6SlSutAlZXAaiLdZ9Dmx4wjyR4MXWMVKZ0AuDIoSVAxlFqCIPOZZU1gs%2B4tMAbrwuo93KAUBlVIsgcb0E8u%2FYkCK&language=CHS,https://ai.cnki.net/study?cid=Pe2nFq1PBOM11SpCErZ-LwM1UHjV0uMR_icN4IXwgid4Rm6ySNCvCh6A3FF75KCvU6cBVV1c0rU6iWfxQN_g-RcJFnCXWEvXwdDhbxhTw8J3KAUBlVIsgcb0E8u_YkCK&mimetype=XML&language=CHS,library_short_video
公共图书馆“抖音”短视频服务现状及发展策略研究,孙雨;陈凤娟,图书馆工作与研究,2021-01-15,期刊,118,3435,https://kns.cnki.net/kcms2/article/abstract?v=lcJiu7QxtGMmA_pyKXOzPwTNt4AxUilcR7qd7Bvj56-qkaBQUe3oPusdCXyx8IGN7bLItNr9x0Ndrv1IpLS7ssxnK_RrCbBDNhTPloiS2H4pF261EEKR8rOIpd_EIf2dl8OvyleoGRvghjA-9DFEa-rBN909H65mVsxSaMR0KHL6XXRDIRR_Tw==&uniplatform=NZKPT&language=CHS,https://bar.cnki.net/bar/download/order?id=Pmp%2F5es3RB81cmauPwpbvsPMJcfwHgIZAnUyOJG6KdoabmU4NncMetQGnHwQAYvkjA5OuUizMW7weIJOk0QB0PjJdS0OHDlnrjGa%2BBjNFQN7b5mY%2FmsIpB5E%2FKF94iQVtRGRF3wJSTnwmOEEZ8vwAlK57xT%2B8LhM%2BfEqYWvBGm0igmLMld3nSvbU4a5%2BOkNaUlSU0HSLnl9m7MwOtW%2FIkw6g4AFGSTHWGYhI%2FBppTsNxluINF6fMO20iEpFsF%2FxvLGz%2Bz36TeLCyBRZ5MVuwHifB6QxOYUyIR8PMoF5%2F7cs%3D&language=CHS,https://bar.cnki.net/bar/download/order?id=Pmp%2F5es3RB81cmauPwpbvsPMJcfwHgIZAnUyOJG6KdoabmU4NncMetQGnHwQAYvkjA5OuUizMW7weIJOk0QB0B2jSJMWPqMSsf1DNA99CB6L6pUY4deTV2VvozAOFIpRZPJZEQefXW1RVS3a1v8jK%2F1BfoaD1y1Qo7XRFd7QjHpuNlDuxMvlZu263io%2FYiDKaul1dsBYtTi0d7iCbJHlGSDB60LC2VIZrjx7VSGH6SnK3%2F%2FWE0smiHtbCUITH5dhR4MXWMVKZ0AuDIoSVAxlFqCIPOZZU1gs%2B4tMAbrwuo93KAUBlVIsgcb0E8u%2FYkCK&language=CHS,https://ai.cnki.net/study?cid=Pe2nFq1PBOM11SpCErZ-LwM1UHjV0uMR_icN4IXwgid4Rm6ySNCvCh6A3FF75KCvOlcHbWhbLg1IrEAUboLbjxcJFnCXWEvXwdDhbxhTw8J3KAUBlVIsgcb0E8u_YkCK&mimetype=XML&language=CHS,library_short_video
媒体融合背景下高校图书馆服务营销策略研究,王志军,图书馆工作与研究,2019-12-18 15:09,期刊,109,2415,https://kns.cnki.net/kcms2/article/abstract?v=lcJiu7QxtGMmA_pyKXOzPwTNt4AxUilcR7qd7Bvj56-qkaBQUe3oPt0pFvLl-EQgKXYhmFy1JvuaceHoIew1w3R5cnF3jNgaYP8SK9X33Xu3LLqcUoKgv_sl2SwHemQZI20tjmWFf18rnUmfNuDpjIJdNnnOyU_Cf2axjEkuaqd_02IZBGDsMQ==&uniplatform=NZKPT&language=CHS,https://bar.cnki.net/bar/download/order?id=Pmp%2F5es3RB81cmauPwpbvsPMJcfwHgIZAnUyOJG6Kdp9xMFmkePYI07tBv7fXudTjA5OuUizMW7weIJOk0QB0HrFa813%2FpXK0gFuZXEH%2BHx7b5mY%2FmsIpB5E%2FKF94iQVtRGRF3wJSTnwmOEEZ8vwAlK57xT%2B8LhM%2BfEqYWvBGm0igmLMld3nSvbU4a5%2BOkNaUlSU0HSLnl9m7MwOtW%2FIkw6g4AFGSTHWGYhI%2FBppTsNxluINF6fMO20iEpFsF%2FxvLGz%2Bz36TeLCyBRZ5MVuwHifB6QxOYUyIR8PMoF5%2F7cs%3D&language=CHS,https://bar.cnki.net/bar/download/order?id=Pmp%2F5es3RB81cmauPwpbvsPMJcfwHgIZAnUyOJG6Kdp9xMFmkePYI07tBv7fXudTjA5OuUizMW7weIJOk0QB0LP8TY7LhBTTPZUkgS9OTpKL6pUY4deTV2VvozAOFIpRZPJZEQefXW1RVS3a1v8jK%2F1BfoaD1y1Qo7XRFd7QjHpuNlDuxMvlZu263io%2FYiDKaul1dsBYtTi0d7iCbJHlGSDB60LC2VIZrjx7VSGH6SnK3%2F%2FWE0smiHtbCUITH5dhR4MXWMVKZ0AuDIoSVAxlFqCIPOZZU1gs%2B4tMAbrwuo93KAUBlVIsgcb0E8u%2FYkCK&language=CHS,https://ai.cnki.net/study?cid=Pe2nFq1PBOM11SpCErZ-LwM1UHjV0uMR_icN4IXwgid4Rm6ySNCvCh6A3FF75KCvEPKcDrlTPGkjgWSgL22EvH-s4n4jlL7XQKLOuexh_op3KAUBlVIsgcb0E8u_YkCK&mimetype=XML&language=CHS,library_short_video
公共图书馆短视频公众平台建设现状分析,曾一昕;张齐婕,图书馆学研究,2020-02-25,期刊,107,1954,https://kns.cnki.net/kcms2/article/abstract?v=lcJiu7QxtGMmA_pyKXOzPwTNt4AxUilcR7qd7Bvj56-qkaBQUe3oPkuShPpX1-ic6GcCRwVx_SGlXMSfSOgL52W4kCEuTTTEUeH4tEJkT73WbfddXlZd7bfY-f3RF8EqCRVsYk4teJYe7GQwsTZZxlkTDegQ3LctFXT5gu0gpx5IlLMVCm_xPg==&uniplatform=NZKPT&language=CHS,https://bar.cnki.net/bar/download/order?id=Pmp%2F5es3RB81cmauPwpbvsPMJcfwHgIZAnUyOJG6Kdp9xMFmkePYI07tBv7fXudTiwzCDUAUWfSiAQnJ6KRHvddLT4eBeaiLTSeMhloKGzh7b5mY%2FmsIpB5E%2FKF94iQVtRGRF3wJSTnwmOEEZ8vwAlK57xT%2B8LhM%2BfEqYWvBGm0igmLMld3nSvbU4a5%2BOkNaUlSU0HSLnl9m7MwOtW%2FIk8I3WjeYF%2Bc%2F5CnelJa2EtBxluINF6fMO20iEpFsF%2FxvLGz%2Bz36TeLCyBRZ5MVuwHifB6QxOYUyIR8PMoF5%2F7cs%3D&language=CHS,https://bar.cnki.net/bar/download/order?id=Pmp%2F5es3RB81cmauPwpbvsPMJcfwHgIZAnUyOJG6Kdp9xMFmkePYI07tBv7fXudTiwzCDUAUWfSiAQnJ6KRHvdreJTVNVqhBQI%2FwhpIujvyL6pUY4deTV2VvozAOFIpRZPJZEQefXW1RVS3a1v8jK%2F1BfoaD1y1Qo7XRFd7QjHpuNlDuxMvlZu263io%2FYiDKaul1dsBYtTi0d7iCbJHlGRKjPJCasGcZgWBmit52jbv1fs4iheqXGejVmqoCIWDbR4MXWMVKZ0AuDIoSVAxlFqCIPOZZU1gs%2B4tMAbrwuo93KAUBlVIsgcb0E8u%2FYkCK&language=CHS,https://ai.cnki.net/study?cid=Pe2nFq1PBOM11SpCErZ-LwM1UHjV0uMR_icN4IXwgid-LVp71txD3DkjPmE-l2CiW_LR4EQnrH0uyVrE2-QMzX-s4n4jlL7XQKLOuexh_op3KAUBlVIsgcb0E8u_YkCK&mimetype=XML&language=CHS,library_short_video
基于SICAS模型的公共图书馆短视频营销策略研究,刘青;郭嘉如,图书馆工作与研究,2023-01-15,期刊,105,5245,https://kns.cnki.net/kcms2/article/abstract?v=lcJiu7QxtGOveOp3Mu8rYRO63EAo7Gy6OtcNU0ESWNdyyiBGlRONGClaziN2NesIlCXYdQGaoxP8r779ebY2rwvq9Iw_CzwUxsvxE1Fs-hxBMfgLEgOYI8E3d9LRRIuKNVwR83zVYn90vh_Zav7vFwltDFwhpffZ2VSPs4O8hLBip3LRTkeE3Q==&uniplatform=NZKPT&language=CHS,https://bar.cnki.net/bar/download/order?id=Pmp%2F5es3RB81cmauPwpbvsPMJcfwHgIZAnUyOJG6KdpfnxH0ifbNup32DgGqxCY8jA5OuUizMW7weIJOk0QB0CGe5TY18Y4GJJWk51Vm5AN7b5mY%2FmsIpB5E%2FKF94iQVtRGRF3wJSTnwmOEEZ8vwAlK57xT%2B8LhM%2BfEqYWvBGm0igmLMld3nSvbU4a5%2BOkNaUlSU0HSLnl9m7MwOtW%2FIk8I3WjeYF%2Bc%2F5CnelJa2EtBxluINF6fMO20iEpFsF%2FxvLGz%2Bz36TeLCyBRZ5MVuwHifB6QxOYUyIR8PMoF5%2F7cs%3D&language=CHS,https://bar.cnki.net/bar/download/order?id=Pmp%2F5es3RB81cmauPwpbvsPMJcfwHgIZAnUyOJG6KdpfnxH0ifbNup32DgGqxCY8jA5OuUizMW7weIJOk0QB0C8VfNAmC%2B01HIjN7UGFZwiL6pUY4deTV2VvozAOFIpRZPJZEQefXW1RVS3a1v8jK%2F1BfoaD1y1Qo7XRFd7QjHpuNlDuxMvlZu263io%2FYiDKaul1dsBYtTi0d7iCbJHlGRKjPJCasGcZgWBmit52jbv1fs4iheqXGejVmqoCIWDbR4MXWMVKZ0AuDIoSVAxlFqCIPOZZU1gs%2B4tMAbrwuo93KAUBlVIsgcb0E8u%2FYkCK&language=CHS,https://ai.cnki.net/study?cid=Pe2nFq1PBOM11SpCErZ-LwM1UHjV0uMR_icN4IXwgid4Rm6ySNCvCh6A3FF75KCv4HgQ_eGjKkzr0IZ1aD4iAK3tX2onnTexasLcgF4O3JF3KAUBlVIsgcb0E8u_YkCK&mimetype=XML&language=CHS,library_short_video
基于短视频营销的公共图书馆数字阅读推广策略研究,张承,图书馆工作与研究,2021-05-15,期刊,99,2915,https://kns.cnki.net/kcms2/article/abstract?v=lcJiu7QxtGP9kXs0nYU6qIoT0ap4hO96SUxFAcMYAz5gkphzx7IXED7plWds7uddnTEDdoaJckbk2GP3-sHeBkKlxaKkwrFs0AEIokWSclxJeSrFhs2TXBbiF5SpwJr22QcRt-EgAlEckKr4eMnh6dW42_vbwENKISNEqrdhbA0Urky2txeU7Q==&uniplatform=NZKPT&language=CHS,https://bar.cnki.net/bar/download/order?id=Pmp%2F5es3RB81cmauPwpbvsPMJcfwHgIZAnUyOJG6KdoabmU4NncMetQGnHwQAYvkjA5OuUizMW7weIJOk0QB0NayInJd9p0bRXEynkz5CZ57b5mY%2FmsIpB5E%2FKF94iQVtRGRF3wJSTnwmOEEZ8vwAlK57xT%2B8LhM%2BfEqYWvBGm0igmLMld3nSvbU4a5%2BOkNaUlSU0HSLnl9m7MwOtW%2FIk4g5aeP4BYTXuKQJSPm9hL1xluINF6fMO20iEpFsF%2FxvLGz%2Bz36TeLCyBRZ5MVuwHifB6QxOYUyIR8PMoF5%2F7cs%3D&language=CHS,https://bar.cnki.net/bar/download/order?id=Pmp%2F5es3RB81cmauPwpbvsPMJcfwHgIZAnUyOJG6KdoabmU4NncMetQGnHwQAYvkjA5OuUizMW7weIJOk0QB0I1pxaUmCUXkklRAelxNnQqL6pUY4deTV2VvozAOFIpRZPJZEQefXW1RVS3a1v8jK%2F1BfoaD1y1Qo7XRFd7QjHpuNlDuxMvlZu263io%2FYiDKaul1dsBYtTi0d7iCbJHlGRKjPJCasGcZgWBmit52jbuhjBJ4SdPzeIoEwnK573VeR4MXWMVKZ0AuDIoSVAxlFqCIPOZZU1gs%2B4tMAbrwuo93KAUBlVIsgcb0E8u%2FYkCK&language=CHS,https://ai.cnki.net/study?cid=Pe2nFq1PBOM11SpCErZ-LwM1UHjV0uMR_icN4IXwgid4Rm6ySNCvCh6A3FF75KCvPuFDL_XfSJhpv2d1D_JTYhcJFnCXWEvXwdDhbxhTw8J3KAUBlVIsgcb0E8u_YkCK&mimetype=XML&language=CHS,library_short_video
“新4C法则”下图书馆网络直播营销策略研究,欧燕,图书馆工作与研究,2021-10-15,期刊,99,3768,https://kns.cnki.net/kcms2/article/abstract?v=lcJiu7QxtGP9kXs0nYU6qIoT0ap4hO96SUxFAcMYAz5gkphzx7IXEO0UQABHT5Bp8_aHn7Bt5FfxjNpneEE2ulM4pMzf6CyKdgG7x7dggLYDlxLTZ2tic3yjlpcieF01MDrXJ9cm4VsVfGIPMhdqTs5PR1ar2zm4gCONMn2ohDIkfIWADGchYg==&uniplatform=NZKPT&language=CHS,https://bar.cnki.net/bar/download/order?id=Pmp%2F5es3RB81cmauPwpbvsPMJcfwHgIZAnUyOJG6KdoabmU4NncMetQGnHwQAYvkjA5OuUizMW7weIJOk0QB0ON2miG92j4cP4qanLlx6ht7b5mY%2FmsIpB5E%2FKF94iQVtRGRF3wJSTnwmOEEZ8vwAlK57xT%2B8LhM%2BfEqYWvBGm0igmLMld3nSvbU4a5%2BOkNaUlSU0HSLnl9m7MwOtW%2FIk4g5aeP4BYTXuKQJSPm9hL1xluINF6fMO20iEpFsF%2FxvLGz%2Bz36TeLCyBRZ5MVuwHifB6QxOYUyIR8PMoF5%2F7cs%3D&language=CHS,https://bar.cnki.net/bar/download/order?id=Pmp%2F5es3RB81cmauPwpbvsPMJcfwHgIZAnUyOJG6KdoabmU4NncMetQGnHwQAYvkjA5OuUizMW7weIJOk0QB0EY9IxxcAsjtzQq8NJWgC%2F2L6pUY4deTV2VvozAOFIpRZPJZEQefXW1RVS3a1v8jK%2F1BfoaD1y1Qo7XRFd7QjHpuNlDuxMvlZu263io%2FYiDKaul1dsBYtTi0d7iCbJHlGRKjPJCasGcZgWBmit52jbuhjBJ4SdPzeIoEwnK573VeR4MXWMVKZ0AuDIoSVAxlFqCIPOZZU1gs%2B4tMAbrwuo93KAUBlVIsgcb0E8u%2FYkCK&language=CHS,https://ai.cnki.net/study?cid=Pe2nFq1PBOM11SpCErZ-LwM1UHjV0uMR_icN4IXwgid4Rm6ySNCvCh6A3FF75KCvdY0VwNQ_I7iy3lt4eDx-XxcJFnCXWEvXwdDhbxhTw8J3KAUBlVIsgcb0E8u_YkCK&mimetype=XML&language=CHS,library_short_video
移动短视频用户信息行为影响因素及动态演化研究,李欣颖,吉林大学,2021-06-01,博士,93,9630,https://kns.cnki.net/kcms2/article/abstract?v=lcJiu7QxtGNeZkDvpagUkhGqq74jlY3dvWQQ5VHNFT_PK5V_hN5aTYg2dqMFJs9UIEP0mW_H2fHDKsjsBvt0xzGoJXLZnUMbLD_lTyfnGo_7RjtdbFTx2ITRerunJ_UJ-_v95Py-3ga79cgFfzSLwEnrNGnIFXwAX3Qn-wREFvcx7-A8c58FPqSD0JuOsxqa&uniplatform=NZKPT&language=CHS,https://bar.cnki.net/bar/download/order?id=%2BbbrIbe6iiYA%2BvD8dQ0EDhxX4g1l54SIOvNwzzBG%2FlI8dU2Zm644c%2FNN3M7bJJUZh9%2F3QSIipCFMD5QN56ZcKyXd%2B8L%2F%2BPD268n7b9malp20cFQSGzEa9F7E5Cof1zvmAwOmjudtqnv1TUDxP23irMluG%2F%2Bfm8sD8gciM6IZM3R89PNh%2FcbmL9iJQkRoIuabjNOomgDGyNdXYJtnMBzKSbbBrHutUMblRoO5y194ke907gMN9gqnn9Ld7Ja0Eva0B8wrBL2RVP%2BJIO8o%2BYSXuVrHXoy8WWQ9cc%2FAcTkBSJM%3D&language=CHS,,https://ai.cnki.net/study?cid=eQD7iSfLfq3gVvjewcWhV4dDpABOkPy0aETAVZfzihwm4iM4UTsUTJq-th3gskmnRIj9v-2RRkP-Bh-XsWpo1twneWrfo0YJU2eWl-Pcvst1xZbWUUTK5iIMRom8DLxm&mimetype=PDF&language=CHS,library_short_video
公共图书馆和高校图书馆短视频营销比较研究,龚雪竹,大学图书馆学报,2021-07-21,期刊,92,3214,https://kns.cnki.net/kcms2/article/abstract?v=lcJiu7QxtGNeZkDvpagUkhGqq74jlY3dSrwe0P_mE_CSn1hsjA-H74Xs2g0oZskwpV7bZg0d_PxWvvdMW4vbGxpZSe5RpYD6rObQIwzgPIVeRvpCRRTkyjUUwHsYnkhQra8e9z_JIYMI7G6R296IXoLLpGex-v68r4JJILy3GZ34e8t2wkUZrA==&uniplatform=NZKPT&language=CHS,https://bar.cnki.net/bar/download/order?id=Pmp%2F5es3RB81cmauPwpbvsPMJcfwHgIZAnUyOJG6KdoabmU4NncMetQGnHwQAYvkcxLP6FbcpvmAMkK5Pk6cWTlMY27Jze8Yr713B8GQOyZ7b5mY%2FmsIpB5E%2FKF94iQVtRGRF3wJSTnwmOEEZ8vwAlK57xT%2B8LhM%2BfEqYWvBGm0igmLMld3nSvbU4a5%2BOkNaUlSU0HSLnl9m7MwOtW%2FIk87dg%2B8RWzpYBqYw1OcJy9txluINF6fMO20iEpFsF%2FxvLGz%2Bz36TeLCyBRZ5MVuwHifB6QxOYUyIR8PMoF5%2F7cs%3D&language=CHS,https://bar.cnki.net/bar/download/order?id=Pmp%2F5es3RB81cmauPwpbvsPMJcfwHgIZAnUyOJG6KdoabmU4NncMetQGnHwQAYvkcxLP6FbcpvmAMkK5Pk6cWexzCkC2upsAog2sewAFroSL6pUY4deTV2VvozAOFIpRZPJZEQefXW1RVS3a1v8jK%2F1BfoaD1y1Qo7XRFd7QjHpuNlDuxMvlZu263io%2FYiDKaul1dsBYtTi0d7iCbJHlGRKjPJCasGcZgWBmit52jbvcyOsNIK6BfWW7qZ05BNy3R4MXWMVKZ0AuDIoSVAxlFqCIPOZZU1gs%2B4tMAbrwuo93KAUBlVIsgcb0E8u%2FYkCK&language=CHS,https://ai.cnki.net/study?cid=Pe2nFq1PBOM11SpCErZ-LwM1UHjV0uMR_icN4IXwgieIy8YFl8EIPIWppRE5fqSdW-bSoFxXCCvcY45jR7uMjBcJFnCXWEvXwdDhbxhTw8J3KAUBlVIsgcb0E8u_YkCK&mimetype=XML&language=CHS,library_short_video
文旅融合背景下的公共数字文化服务创新发展——以陕西省图书馆“智能文化云地标”的建设实践为例,陆路;秦升,国家图书馆学刊,2020-04-15,期刊,92,4124,https://kns.cnki.net/kcms2/article/abstract?v=lcJiu7QxtGP4ak2JFxW1hjetLZLAFeReuDjGakuhR8rvcGt_1mJWHPedTjkkS-Vh2YMArXsMV7l2fiXeJ5I87CQ5SM8WjXYeLgwQUZspVqk9sPwvSw32P2Jg_jkfmhnLmnOtFXkTyABP5fng9QtYiQUhMG0qn7YE9XfagxR1g6JnGfzz6FbalA==&uniplatform=NZKPT&language=CHS,https://bar.cnki.net/bar/download/order?id=Pmp%2F5es3RB81cmauPwpbvsPMJcfwHgIZAnUyOJG6Kdp9xMFmkePYI07tBv7fXudTcwhUj4bmKAnEUfn8pLDe4WRd4tjZJ4eZTWfYK%2BjOiNB7b5mY%2FmsIpB5E%2FKF94iQVtRGRF3wJSTnwmOEEZ8vwAlK57xT%2B8LhM%2BfEqYWvBGm0igmLMld3nSvbU4a5%2BOkNaUlSU0HSLnl9m7MwOtW%2FIkwfvkrh0leMiuJTyjVAFFLpxluINF6fMO20iEpFsF%2FxvLGz%2Bz36TeLCyBRZ5MVuwHifB6QxOYUyIR8PMoF5%2F7cs%3D&language=CHS,https://bar.cnki.net/bar/download/order?id=Pmp%2F5es3RB81cmauPwpbvsPMJcfwHgIZAnUyOJG6Kdp9xMFmkePYI07tBv7fXudTcwhUj4bmKAnEUfn8pLDe4QECzhrhLG9eQy6EKMwF0B6L6pUY4deTV2VvozAOFIpRZPJZEQefXW1RVS3a1v8jK%2F1BfoaD1y1Qo7XRFd7QjHpuNlDuxMvlZu263io%2FYiDKaul1dsBYtTi0d7iCbJHlGRKjPJCasGcZgWBmit52jbszqEI8XWU2elB03jpqAqQuR4MXWMVKZ0AuDIoSVAxlFqCIPOZZU1gs%2B4tMAbrwuo93KAUBlVIsgcb0E8u%2FYkCK&language=CHS,https://ai.cnki.net/study?cid=Pe2nFq1PBOM11SpCErZ-LwM1UHjV0uMR_icN4IXwgidhdobWSqzD8q4wSyXt_le5-3pcDP5E7_EKKwmrJTnTzX-s4n4jlL7XQKLOuexh_op3KAUBlVIsgcb0E8u_YkCK&mimetype=XML&language=CHS,library_short_video
短视频古籍推广调查及发展策略,贾娟,图书馆论坛,2020-02-28 07:00,期刊,81,2453,https://kns.cnki.net/kcms2/article/abstract?v=lcJiu7QxtGP4ak2JFxW1hjetLZLAFeReuDjGakuhR8o4SPA-dXnlcK_5uzkqlPcqwCfVE3UZMEh_CdZUbar08A0IN-zKi77EPDOQ0wBybrtBGDfPrJhyYOgIy-BptiGpEe_PJ_A9LKz6R8SlS0V3xaS7eN-xZ400feUMNJvvuKMgUS8H9pDz2w==&uniplatform=NZKPT&language=CHS,https://bar.cnki.net/bar/download/order?id=Pmp%2F5es3RB81cmauPwpbvsPMJcfwHgIZAnUyOJG6Kdp9xMFmkePYI07tBv7fXudT%2BK8fuOjy6tbGJi5E5jK712HH%2FPaU8NvkBpX6Tdjf18p7b5mY%2FmsIpB5E%2FKF94iQVtRGRF3wJSTnwmOEEZ8vwAlK57xT%2B8LhM%2BfEqYWvBGm0igmLMld3nSvbU4a5%2BOkNaUlSU0HSLnl9m7MwOtW%2FIkwfvkrh0leMiuJTyjVAFFLpxluINF6fMO20iEpFsF%2FxvLGz%2Bz36TeLCyBRZ5MVuwHifB6QxOYUyIR8PMoF5%2F7cs%3D&language=CHS,https://bar.cnki.net/bar/download/order?id=Pmp%2F5es3RB81cmauPwpbvsPMJcfwHgIZAnUyOJG6Kdp9xMFmkePYI07tBv7fXudT%2BK8fuOjy6tbGJi5E5jK714OV0Q1b00FMePh4xZ3THm%2BL6pUY4deTV2VvozAOFIpRZPJZEQefXW1RVS3a1v8jK%2F1BfoaD1y1Qo7XRFd7QjHpuNlDuxMvlZu263io%2FYiDKaul1dsBYtTi0d7iCbJHlGRKjPJCasGcZgWBmit52jbszqEI8XWU2elB03jpqAqQuR4MXWMVKZ0AuDIoSVAxlFqCIPOZZU1gs%2B4tMAbrwuo93KAUBlVIsgcb0E8u%2FYkCK&language=CHS,https://ai.cnki.net/study?cid=Pe2nFq1PBOM11SpCErZ-LwM1UHjV0uMR_icN4IXwgid4Rm6ySNCvCh6A3FF75KCvRYWxzFmPF8F2FbbOVFv-On-s4n4jlL7XQKLOuexh_op3KAUBlVIsgcb0E8u_YkCK&mimetype=XML&language=CHS,library_short_video
我国省级公共图书馆短视频服务运营探析——基于抖音App的数据分析,隋鑫;颜雨钦,图书馆学研究,2021-01-15,期刊,79,2025,https://kns.cnki.net/kcms2/article/abstract?v=lcJiu7QxtGNS-_2AB-Warh3hgd9_nIondbUZVH66b-RLhI3XRg92oZtO9JTNUKUVtj1a66p74TMmSD7VHZaztGfYfMOdKFmHvbkQsfSgK9aHdR4qW4m4p1PpyCERcGn6outge3TuCvHa2_giMWGxWKZ4o2jhls95_IRZ-5CvzMOLg2HHuIsWtQ==&uniplatform=NZKPT&language=CHS,https://bar.cnki.net/bar/download/order?id=Pmp%2F5es3RB81cmauPwpbvsPMJcfwHgIZAnUyOJG6KdoabmU4NncMetQGnHwQAYvkiwzCDUAUWfSiAQnJ6KRHvQwo97GmkM5JEftXpEwH%2B%2FV7b5mY%2FmsIpB5E%2FKF94iQVtRGRF3wJSTnwmOEEZ8vwAlK57xT%2B8LhM%2BfEqYWvBGm0igmLMld3nSvbU4a5%2BOkNaUlSU0HSLnl9m7MwOtW%2FIkz3PMII5U0HJVEiud7%2BoKFNxluINF6fMO20iEpFsF%2FxvLGz%2Bz36TeLCyBRZ5MVuwHifB6QxOYUyIR8PMoF5%2F7cs%3D&language=CHS,https://bar.cnki.net/bar/download/order?id=Pmp%2F5es3RB81cmauPwpbvsPMJcfwHgIZAnUyOJG6KdoabmU4NncMetQGnHwQAYvkiwzCDUAUWfSiAQnJ6KRHvSNRRTrOiFUE97pZgrJNFl2L6pUY4deTV2VvozAOFIpRZPJZEQefXW1RVS3a1v8jK%2F1BfoaD1y1Qo7XRFd7QjHpuNlDuxMvlZu263io%2FYiDKaul1dsBYtTi0d7iCbJHlGRKjPJCasGcZgWBmit52jbsO6uTdFRAwGi2sLNK9fySOR4MXWMVKZ0AuDIoSVAxlFqCIPOZZU1gs%2B4tMAbrwuo93KAUBlVIsgcb0E8u%2FYkCK&language=CHS,https://ai.cnki.net/study?cid=Pe2nFq1PBOM11SpCErZ-LwM1UHjV0uMR_icN4IXwgid-LVp71txD3DkjPmE-l2CikNK66IaXemYCUM0EbkiGTRcJFnCXWEvXwdDhbxhTw8J3KAUBlVIsgcb0E8u_YkCK&mimetype=XML&language=CHS,library_short_video
短视频社会化阅读推广效果分析——以抖音短视频为例,徐彤阳;李婷,图书馆,2021-03-15 11:20,期刊,74,4127,https://kns.cnki.net/kcms2/article/abstract?v=lcJiu7QxtGNS-_2AB-Warh3hgd9_nIondbUZVH66b-RLhI3XRg92oR6wiaIriwo4HgPkGy_UWADXJSLggQRAKE4oLeuicJexMIYRb27M0sVGJj3yMcvi0eqMpBttnyFYBsrFr16JzIL29IKt5PQS6RP6FJIjhOTiqGY7TQBK8cw_BnCqGPmIfw==&uniplatform=NZKPT&language=CHS,https://bar.cnki.net/bar/download/order?id=Pmp%2F5es3RB81cmauPwpbvsPMJcfwHgIZAnUyOJG6KdoabmU4NncMetQGnHwQAYvki53oDHVhL3rBjJdra9zHZURJNZOiFYaiLKcn9MZEAtN7b5mY%2FmsIpB5E%2FKF94iQVtRGRF3wJSTnwmOEEZ8vwAlK57xT%2B8LhM%2BfEqYWvBGm0igmLMld3nSvbU4a5%2BOkNaUlSU0HSLnl9m7MwOtW%2FIkz3PMII5U0HJVEiud7%2BoKFNxluINF6fMO20iEpFsF%2FxvLGz%2Bz36TeLCyBRZ5MVuwHifB6QxOYUyIR8PMoF5%2F7cs%3D&language=CHS,https://bar.cnki.net/bar/download/order?id=Pmp%2F5es3RB81cmauPwpbvsPMJcfwHgIZAnUyOJG6KdoabmU4NncMetQGnHwQAYvki53oDHVhL3rBjJdra9zHZdVzDRojG9vD31y0N4mM6dqL6pUY4deTV2VvozAOFIpRZPJZEQefXW1RVS3a1v8jK%2F1BfoaD1y1Qo7XRFd7QjHpuNlDuxMvlZu263io%2FYiDKaul1dsBYtTi0d7iCbJHlGRKjPJCasGcZgWBmit52jbsO6uTdFRAwGi2sLNK9fySOR4MXWMVKZ0AuDIoSVAxlFqCIPOZZU1gs%2B4tMAbrwuo93KAUBlVIsgcb0E8u%2FYkCK&language=CHS,https://ai.cnki.net/study?cid=Pe2nFq1PBOM11SpCErZ-LwM1UHjV0uMR_icN4IXwgid4Rm6ySNCvCh6A3FF75KCvb2-rvaYplEAKMqjOnk5avhcJFnCXWEvXwdDhbxhTw8J3KAUBlVIsgcb0E8u_YkCK&mimetype=XML&language=CHS,library_short_video
图书馆短视频账号传播力研究——以省级公共图书馆为例,王兴兰;夏晓红,图书馆学研究,2021-03-15,期刊,74,2082,https://kns.cnki.net/kcms2/article/abstract?v=lcJiu7QxtGO7cVVP1Ap8yn-iV3PK0kSXeGF6o_RQwBTQ7rhwbszgylzg0in0SA4d3pMc_gz81iG4vxoyqDvOaTk_jnUfRwecpOqW4Rtsf4FBoK9epitX7gSuSUAj5x966mQkn67IbT2pCRKd1nmpoOVI4OPnoGb0ensQM-HMht53kU-C56pIOA==&uniplatform=NZKPT&language=CHS,https://bar.cnki.net/bar/download/order?id=Pmp%2F5es3RB81cmauPwpbvsPMJcfwHgIZAnUyOJG6KdoabmU4NncMetQGnHwQAYvkiwzCDUAUWfSiAQnJ6KRHvSzHclYJwI%2FcSc3BTbIg1E17b5mY%2FmsIpB5E%2FKF94iQVtRGRF3wJSTnwmOEEZ8vwAlK57xT%2B8LhM%2BfEqYWvBGm0igmLMld3nSvbU4a5%2BOkNaUlSU0HSLnl9m7MwOtW%2FIkxJ0ujD9AWW9iJy6%2FU3IaTVxluINF6fMO20iEpFsF%2FxvLGz%2Bz36TeLCyBRZ5MVuwHifB6QxOYUyIR8PMoF5%2F7cs%3D&language=CHS,https://bar.cnki.net/bar/download/order?id=Pmp%2F5es3RB81cmauPwpbvsPMJcfwHgIZAnUyOJG6KdoabmU4NncMetQGnHwQAYvkiwzCDUAUWfSiAQnJ6KRHvZb1LOHgaSeMjyJ5ABfykKKL6pUY4deTV2VvozAOFIpRZPJZEQefXW1RVS3a1v8jK%2F1BfoaD1y1Qo7XRFd7QjHpuNlDuxMvlZu263io%2FYiDKaul1dsBYtTi0d7iCbJHlGRKjPJCasGcZgWBmit52jbuePRUwEkXIy4guYtxdLJq%2FR4MXWMVKZ0AuDIoSVAxlFqCIPOZZU1gs%2B4tMAbrwuo93KAUBlVIsgcb0E8u%2FYkCK&language=CHS,https://ai.cnki.net/study?cid=Pe2nFq1PBOM11SpCErZ-LwM1UHjV0uMR_icN4IXwgid-LVp71txD3DkjPmE-l2Ci-9bUjbY_ojO8FWwFo2cKRxcJFnCXWEvXwdDhbxhTw8J3KAUBlVIsgcb0E8u_YkCK&mimetype=XML&language=CHS,library_short_video
基于4P营销模型的高校图书馆读书类短视频运营策略研究,胡廷俊,图书馆工作与研究,2022-12-15,期刊,72,4461,https://kns.cnki.net/kcms2/article/abstract?v=lcJiu7QxtGO7cVVP1Ap8yn-iV3PK0kSXeGF6o_RQwBTQ7rhwbszgyojDqKxFYZL3lVTuD7Krhv8RsUDQm4QpSysEMxA70crEz_43_X02lpIRS3UqVS7at_W4SCl7YUvI5qr8r6Q57HTTaWczGrm7kgbASNCMAb65ASslWbH-fpNnhoURT7leIQ==&uniplatform=NZKPT&language=CHS,https://bar.cnki.net/bar/download/order?id=Pmp%2F5es3RB81cmauPwpbvsPMJcfwHgIZAnUyOJG6KdpfnxH0ifbNup32DgGqxCY8jA5OuUizMW7weIJOk0QB0OUnFd%2FfZKfERbG8RNO7UPl7b5mY%2FmsIpB5E%2FKF94iQVtRGRF3wJSTnwmOEEZ8vwAlK57xT%2B8LhM%2BfEqYWvBGm0igmLMld3nSvbU4a5%2BOkNaUlSU0HSLnl9m7MwOtW%2FIkxJ0ujD9AWW9iJy6%2FU3IaTVxluINF6fMO20iEpFsF%2FxvLGz%2Bz36TeLCyBRZ5MVuwHifB6QxOYUyIR8PMoF5%2F7cs%3D&language=CHS,https://bar.cnki.net/bar/download/order?id=Pmp%2F5es3RB81cmauPwpbvsPMJcfwHgIZAnUyOJG6KdpfnxH0ifbNup32DgGqxCY8jA5OuUizMW7weIJOk0QB0CYAOChYOMzqt58FqRyWbXGL6pUY4deTV2VvozAOFIpRZPJZEQefXW1RVS3a1v8jK%2F1BfoaD1y1Qo7XRFd7QjHpuNlDuxMvlZu263io%2FYiDKaul1dsBYtTi0d7iCbJHlGRKjPJCasGcZgWBmit52jbuePRUwEkXIy4guYtxdLJq%2FR4MXWMVKZ0AuDIoSVAxlFqCIPOZZU1gs%2B4tMAbrwuo93KAUBlVIsgcb0E8u%2FYkCK&language=CHS,https://ai.cnki.net/study?cid=Pe2nFq1PBOM11SpCErZ-LwM1UHjV0uMR_icN4IXwgid4Rm6ySNCvCh6A3FF75KCvw4h3dEuBP_CnYSpa4P6nuq3tX2onnTexasLcgF4O3JF3KAUBlVIsgcb0E8u_YkCK&mimetype=XML&language=CHS,library_short_video
